<?xml version="1.0" encoding="UTF-8"?>

<!DOCTYPE mapper
	  PUBLIC "-//mybatis.org//DTD Mapper 3.0//EN"
	  "http://mybatis.org/dtd/mybatis-3-mapper.dtd">
	  
<mapper namespace="spring.mvc.spring_pj_ict05.dao.CustomerDAO">  <!-- namespace="패키지명.인터페이스" -->
	
	<!-- ID 중복확인 처리 -->  
	<!-- 호출할 때 받아온 strId넣어줌(parameterType 주의) -->
	<select id="useridCheck" parameterType="String" resultType="int">
		SELECT COUNT(*) FROM mvc_customer_tbl WHERE user_id = #{strId}
		
	</select>
	
	<!-- 회원가입 처리 -->
	<!-- 멤버변수getter로 꺼내오는 것과 같음 -->
	<insert id="insertCustomer" parameterType="spring.mvc.spring_pj_ict05.dto.CustomerDTO">
		INSERT INTO mvc_customer_tbl (user_id, user_password, user_name, user_birthday, user_address, user_hp, user_email, user_regdate)
					 VALUES(#{user_id}, #{user_password}, #{user_name}, #{user_birthday}, #{user_address}, #{user_hp}, #{user_email}, #{user_regdate})
	</insert>
	
	<!-- 로그인 처리 / 회원정보 인증(수정, 탈퇴) -->
	<select id="idPasswordChk" parameterType="java.util.Map" resultType="int" >
		SELECT COUNT(*) FROM mvc_customer_tbl WHERE user_id = #{strId} AND user_password = #{strPwd}
	</select>
	
	
	<!-- 회원정보 인증처리 및 탈퇴처리  -->
	<delete id="deleteCustomer" parameterType="String">
		DELETE FROM mvc_customer_tbl WHERE user_id = #{strId}
	</delete>
	
	<!-- 상세페이지 조회 -->
	<select id="getCustomerDetail" parameterType="String" resultType="spring.mvc.spring_pj_ict05.dto.CustomerDTO">
		SELECT * FROM mvc_customer_tbl WHERE user_id = #{strId}
	</select>
	
	<!--  -->
	<update id="updateCustomer" parameterType="spring.mvc.spring_pj_ict05.dto.CustomerDTO">
		UPDATE mvc_customer_tbl SET user_password = #{user_password} ,
			user_name = #{user_name}, user_birthday = #{user_birthday} , user_address = #{user_address} , 
			user_hp = #{user_hp} , user_email = #{user_email}, user_regdate = #{user_regdate} WHERE user_id = #{user_id}
	
	</update>
	
	
 </mapper> 